Channel,Title,Views,Post-Time
T-Series,"Tujhe Bhula Diya (LoFi Mix) Kedrock & SD Style | Mohit Chauhan, Shekhar R, Shruti P | Bhushan Kumar",118 waiting,"Premieres 9/4/22, 1:30 AM"
T-Series,"Dil Remix: DJ Abhi India |  Ek Villain Returns | Arjun, Disha | Kaushik-Guddu | Raghav C | Bhushan K",179K views,8 hours ago
T-Series,Maine Tera Naam Dil Rakh Diya üíó #ekvillainreturnsstatus  üëø #StatusVideo üíÉ #Dil üíî#DJAbhiIndia,40K views,1 day ago
T-Series,Suno Ganpati Bappa Morya üëÄ | #GanpatiStatus2022 üòç | #Shorts üòã | #VarunDhawanStatus,37K views,1 day ago
T-Series,#JubinNautiyal üë®‚Äçüé§ #TongueTwister üòõ #Shorts ‚ù§Ô∏è Jubin Nautiyal Song üéâ Meethi Meethi ‚ù£Ô∏è,274K views,2 days ago
T-Series,Shushmita Sen: Dilbar Dilbar HD Video Song | Alka Yagnik | T-Series Songs,112K views,2 days ago
T-Series,#GanpatiStatus #GajananaDeva Ganpati Utsav 2020 #shorts #ShukhwinderSingh,25K views,2 days ago
T-Series,#Ganpati2022 üôèüèª #GanpatiStatus üêò Mourya Re |Morya Re üíó| #ShahrukhKhanüë®‚Äçüé§ #Shorts | Shankar Mahadevan,72K views,2 days ago
T-Series,"Jubin Nautiyal: Barsaat Ho Jaaye (Lyrical) | Love Song | Shivin,Ridhi,Payal, Rashmi-Virag| Bhushan K",182K views,3 days ago
T-Series,"Jaya Kishori, Jubin Nautiyal : Mere Kanha (Lyrical) | Bhajan 2022 | Raaj, Seepi, Lovesh | Bhushan K",78K views,3 days ago
T-Series,#SachetParampara üë©‚Äç‚ù§Ô∏è‚Äçüë® #LoveSong ‚ù£Ô∏è Tere Vicho Rab Disda üòçü§©üòç #Shorts ‚ù§Ô∏è,240K views,3 days ago
T-Series,#TujheBhulaDiya üò≠#RanbirKapoor üë®‚Äçüé§ #SadSongStatus üíî #PriyankaChopra üë©‚Äçüé§ Sad Status #shorts,119K views,4 days ago
T-Series,"MASTI TAKITA DHUM (Full Video) Shabaash Mithu | Taapsee P, Lagnajita, Anusha Mani, Amit T | M Kumar",50K views,4 days ago
T-Series,Mere Dil Gaaye Ja (Zooby Zooby) Dhokha | R. Madhavan Khushalii K|Tanishk Kumaar Zahrah Yash Bhushan,17M views,4 days ago
T-Series,Ganpati Bappa Morya (Video Jukebox) Filmy Ganpati Utsav | Ganpati Festival 2022 | Ganpati Songs,127K views,4 days ago
T-Series,Sabri Brothers: Teri Jawani Badi Mast Mast Hai (Full Song) | Pyar Kiya To Darna Kya | Dance Song,104K views,5 days ago
T-Series,"Pihu Pihu (Audio) : Token - The Treasure | Tarannum M, Jasleen M, Dilip Sen| M. Prakash | Bhushan K",34K views,5 days ago
T-Series,"Mere Dil Gaaye Ja (Zooby Zooby) SONG TEASER | Dhokha | Tanishk Bagchi, Zahrah K, Yash N | Bhushan K",429K views,5 days ago
T-Series,"Jubin Nautiyal, Payal Dev: Meethi Meethi | Rashmi Virag | Shanvi Srivastava | Vijay,Bosco| Bhushan K",14M views,5 days ago
T-Series,"Sonu Nigam, Anuradha Paudwal: Woh Ho Tum (HD Full Song) Muskaan",53K views,5 days ago
T-Series,"Anand Raj Anand: Oye Raju Pyar Na Kariyo | Govinda, Rani Mukherjee | Sad Song",60K views,5 days ago
T-Series,"Tu Pyar Hai Kisi Aur Ka | Kumar Sanu, Anuradha Paudwal | 90s Hit Song | HD Song",44K views,6 days ago
T-Series,#LoveStatus ‚ù§Ô∏è#lovesong üíò Woh Ho Tum üë©‚Äç‚ù§Ô∏è‚Äçüë© #Shorts üòª,68K views,6 days ago
T-Series,#SadSongStatus üíîOye Raju Pyar Na Kariyo üíî#Govinda üíî#SadSong üíî Anand Raj Anand,195K views,6 days ago
T-Series,#KumarSanu | Tu Pyaar Hai Kisi Aur Ka üíî #SadStatus üíî #AamirKhan | Song Status #Shorts,36K views,6 days ago
T-Series,"Jubin Nautiyal: Teri Galliyon Se (Lyrical) | Gurmeet Choudhary, Arushi, Navjit| Meet Bros| Bhushan K",396K views,6 days ago
T-Series,"Ankhiyon Se Goli Maare | Sonu Nigam, Jaspinder Narula | Govinda Songs | Raveena Tandon Song |HD Song",122K views,6 days ago
T-Series,Ankhiyon Se Goli Mare üòâ #Govinda üï∫ #RaveenaTandon üíÉüèª #DanceShorts | Status Video,69K views,6 days ago
T-Series,Teri Jawani Badi Mast Mast Hai ‚ù§Ô∏è‚Äçü©π #DanceShorts üíÉ #SadStatus üíî #Arbaazkhan | Sabri Brothers #shorts,56K views,6 days ago
T-Series,"Sonu Nigam, Sapna Awasthi | Sab Kuchh Bhula Diya [Full HD] Hum Tumhare Hain Sanam",78K views,7 days ago
Cocomelon - Nursery Rhymes,I Spy Song + More Nursery Rhymes & Kids Songs - CoComelon,530K views,7 hours ago
Cocomelon - Nursery Rhymes,Fire Truck Song - Trucks For Kids | CoComelon Nursery Rhymes & Kids Songs,4.6M views,4 days ago
Cocomelon - Nursery Rhymes,The Wheels on the Bus Dance | CoComelon Nursery Rhymes & Kids Songs - Dance Party,7.4M views,7 days ago
Cocomelon - Nursery Rhymes,Play Outside at the Beach Song | CoComelon Nursery Rhymes & Kids Songs,30M views,11 days ago
Cocomelon - Nursery Rhymes,Opposites Song + More Nursery Rhymes & Kids Songs - CoComelon,11M views,2 weeks ago
Cocomelon - Nursery Rhymes,Let's Go Camping Song | Summer Family Fun | CoComelon Nursery Rhymes & Kids Songs,14M views,2 weeks ago
Cocomelon - Nursery Rhymes,Baa Baa Black Sheep (Pretend Play Edition) + More Nursery Rhymes & Kids Songs - CoComelon,11M views,3 weeks ago
Cocomelon - Nursery Rhymes,Yes Yes Vegetables #2 CoComelon Nursery Rhymes & Kids Songs,14M views,3 weeks ago
Cocomelon - Nursery Rhymes,Shopping Cart Song + More Nursery Rhymes & Kids Songs - CoComelon,26M views,4 weeks ago
Cocomelon - Nursery Rhymes,Los Pollitos Dicen Dance | Dance Party | CoComelon Nursery Rhymes & Kids Songs,9.2M views,1 month ago
Cocomelon - Nursery Rhymes,Birthday At The Farm Song + More Nursery Rhymes & Kids Songs - CoComelon,20M views,1 month ago
Cocomelon - Nursery Rhymes,Finger Family Song + More Nursery Rhymes & Kids Songs - CoComelon,9.3M views,1 month ago
Cocomelon - Nursery Rhymes,Baa Baa Black Sheep | CoComelon Nursery Rhymes & Kids Songs,14M views,1 month ago
Cocomelon - Nursery Rhymes,Birthday Song + More Nursery Rhymes & Kids Songs - CoComelon,15M views,1 month ago
Cocomelon - Nursery Rhymes,Big Brother Song + More Nursery Rhymes & Kids Songs - CoComelon,8.8M views,1 month ago
Cocomelon - Nursery Rhymes,JJ's Birthday At The Farm Song | CoComelon Nursery Rhymes & Kids Songs,10M views,1 month ago
Cocomelon - Nursery Rhymes,Baa Baa Black Sheep Dance | Dance Party | + More Nursery Rhymes & Kids Songs - CoComelon,6.7M views,1 month ago
Cocomelon - Nursery Rhymes,Cody's Spy Song + More Nursery Rhymes & Kids Songs - CoComelon,8.8M views,1 month ago
Cocomelon - Nursery Rhymes,JJ's Birthday Surprise Song | CoComelon Nursery Rhymes & Kids Songs,23M views,1 month ago
Cocomelon - Nursery Rhymes,Go Before You Go Song + More Nursery Rhymes & Kids Songs - CoComelon,12M views,1 month ago
Cocomelon - Nursery Rhymes,Belly Button Dance | Dance Party | CoComelon Nursery Rhymes & Kids Songs,26M views,1 month ago
Cocomelon - Nursery Rhymes,Twinkle Twinkle Little Star + More Nursery Rhymes & Kids Songs - CoComelon,25M views,2 months ago
Cocomelon - Nursery Rhymes,Go Before You Go Song | CoComelon Nursery Rhymes & Kids Songs,10M views,2 months ago
Cocomelon - Nursery Rhymes,London Bridge + More Nursery Rhymes & Kids Songs - CoComelon,23M views,2 months ago
Cocomelon - Nursery Rhymes,Freeze Dance | Dance Party | CoComelon Nursery Rhymes & Kids Songs,32M views,2 months ago
Cocomelon - Nursery Rhymes,Wheels On The Bus + More Nursery Rhymes & Kids Songs - CoComelon,37M views,2 months ago
Cocomelon - Nursery Rhymes,Twinkle Twinkle Little Star | CoComelon Nursery Rhymes & Kids Songs,32M views,2 months ago
Cocomelon - Nursery Rhymes,Pets For Kids Song + More Nursery Rhymes & Kids Songs - CoComelon,21M views,2 months ago
Cocomelon - Nursery Rhymes,Following In Dads Footsteps Song | CoComelon Nursery Rhymes & Kids Songs,13M views,2 months ago
Cocomelon - Nursery Rhymes,Head Shoulders Knees and Toes + More Nursery Rhymes & Kids Songs - CoComelon,18M views,2 months ago
SET India,"The Kapil Sharma Show | Aakanksha Ne Sabke Liye Gaaya ""Bade Achhe Lagte Hain"" Song! | Best Moments",1.9K views,22 minutes ago
SET India,‡§π‡§®‡•Å‡§Æ‡§æ‡§® ‡§®‡•á ‡§∂‡•Å‡§∞‡•Ç ‡§ï‡•Ä ‡§Ü‡§®‡•á ‡§µ‡§æ‡§≤‡•á ‡§Ø‡•Å‡§¶‡•ç‡§ß ‡§ï‡•Ä ‡§§‡•à‡§Ø‡§æ‡§∞‡•Ä | Sankatmochan Mahabali Hanuman - Ep 125 | Full Episode,3.1K views,53 minutes ago
SET India,Shahid Kapoor Shared His Experience with Carrot | The Kapil Sharma Show | Full Episode,3.5K views,55 minutes ago
SET India,Mani ‡§ï‡•á 'Sajdaa' Song ‡§®‡•á ‡§ï‡§ø‡§Ø‡§æ Rock! | Superstar Singer Season2 | Mani Special,16K views,1 hour ago
SET India,Brothers Destroyed Sister's Life for Their Own Profit | Crime Patrol | Toxic Relationships,6.8K views,1 hour ago
SET India,"Himesh ‡§ú‡•Ä ‡§®‡•á Faiz ‡§ï‡•ã ‡§ï‡§π‡§æ ""Rockstar"" | Superstar Singer Season2 | Faiz Special",14K views,2 hours ago
SET India,Ultimate Finale ‡§Æ‡•á‡§Ç Terence ‡§î‡§∞ Geeta ‡§Æ‡§æ‡§Å ‡§ï‡•Ä Grand Entry | India's Best Dancer | Celebrity Special,3.7K views,2 hours ago
SET India,Sayisha ‡§ï‡•á High Notes ‡§∏‡•Å‡§®‡§ï‡§∞ Alka Ji ‡§π‡•Å‡§à ‡§π‡•à‡§∞‡§æ‡§®! | Superstar Singer Season2 | Sayisha Special,11K views,2 hours ago
SET India,‡§≠‡§ó‡§µ‡§æ‡§® ‡§∂‡§ø‡§µ-‡§™‡§æ‡§∞‡•ç‡§µ‡§§‡•Ä ‡§®‡•á ‡§≤‡•Ä ‡§Æ‡§æ‡§∞‡•Å‡§§‡•Ä ‡§ï‡•Ä ‡§™‡§∞‡•Ä‡§ï‡•ç‡§∑‡§æ | Sankatmochan Mahabali Hanuman-Ep 124 | Full Episode,2.6K views,2 hours ago
SET India,Terrorized | Bade Achhe Lagte Hain - Ep 320 | Full Episode,13K views,2 hours ago
SET India,Arunita ‡§ï‡•Ä ‡§∏‡•Å‡§∞‡•Ä‡§≤‡•Ä ‡§Ü‡§µ‡§æ‡§ú‡§º ‡§∏‡•Å‡§®‡§ï‡§∞ ‡§ñ‡•Å‡§¶ ‡§ï‡•ã ‡§∞‡•ã‡§ï ‡§®‡§π‡•Ä‡§Ç ‡§™‡§æ‡§à Rekha ‡§ú‡•Ä | Indian Idol | Evergreen Album,10K views,3 hours ago
SET India,‡§è‡§ï ‡§¨‡§æ‡§∞ ‡§´‡§ø‡§∞ ‡§¶‡§ø‡§ñ‡•Ä Neelam ‡§î‡§∞ Govinda ‡§ï‡•Ä Chemistry! | Super Dancer 4 | Celebrity Special,19K views,5 hours ago
SET India,Karunya ‡§ï‡•á Singing ‡§ï‡•ã ‡§Æ‡§ø‡§≤‡§æ Standing Ovation | Indian Idol | Pop Album,17K views,5 hours ago
SET India,‡§ï‡•ç‡§Ø‡§æ ‡§π‡§®‡•Å‡§Æ‡§æ‡§® ‡§ú‡•Ä ‡§ï‡§∞ ‡§™‡§æ‡§è‡§Ç‡§ó‡•á ‡§Ö‡§™‡§®‡§æ ‡§µ‡•ç‡§∞‡§§ ‡§™‡•Ç‡§∞‡§æ ? | Sankatmochan Mahabali Hanuman-Ep 123 | Full Episode,4.5K views,5 hours ago
SET India,Sayisha ‡§î‡§∞ Aryananda ‡§ï‡•á ‡§∏‡•Å‡§∞ ‡§π‡•à Perfect | Superstar Singer Season 2 | Sayisha VS Aryananda,19K views,5 hours ago
SET India,‡§á‡§∏ Trio ‡§ï‡•á Performance ‡§®‡•á ‡§ï‡§∞ ‡§¶‡§ø‡§Ø‡§æ ‡§∏‡§¨‡§ï‡•ã ‡§ñ‡•Å‡§∂ | Superstar Singer S2 | Musical Hits,27K views,6 hours ago
SET India,Hema ‡§ú‡•Ä ‡§®‡•á ‡§∏‡§ø‡§ñ‡§æ‡§à Sayisha ‡§ï‡•ã ‡§ï‡•Å‡§õ Dance Steps | Superstar Singer S2 | Special Selection,9.5K views,6 hours ago
SET India,Sapna Acts As A Horse To Get A Role In Ajay's Next Movie | The Kapil Sharma Show | Full Episode,9.9K views,6 hours ago
SET India,"Hema ‡§ú‡•Ä ‡§ó‡•Å‡§®‡§ó‡•Å‡§®‡§æ‡§à Sayisha ‡§ï‡•á ""Mere Naseeb Mein"" Performance ‡§™‡§∞ | Superstar Singer S2 | Musical Hits",18K views,6 hours ago
SET India,Crime Patrol Satark - The Last Step - EP 188 - Full Episode - 9 Aug 2022,40K views,6 hours ago
SET India,Mani ‡§ï‡•Ä Performance ‡§¶‡•á‡§ñ‡§ï‡§∞ ‡§∏‡§¨ ‡§Ü ‡§ó‡§è Stage ‡§™‡§∞ | Super Star Singer | Album Of The Day,14K views,7 hours ago
SET India,Sansarik Seekh | Yashomati Maiyaa Ke Nandlala - Ep 53 | Full Episode | 19 Aug 2022,37K views,7 hours ago
SET India,Meaningless Act | Crime Patrol Satark | Full Episode,45K views,8 hours ago
SET India,‡§∞‡§æ‡§µ‡§£ ‡§®‡•á ‡§ï‡§ø‡§Ø‡§æ ‡§Æ‡•É‡§§‡•ç‡§Ø‡•Å ‡§ï‡•Ä ‡§¶‡•á‡§µ‡•Ä ‡§∏‡•á ‡§Ø‡•Å‡§¶‡•ç‡§ß | Sankatmochan Mahabali Hanuman-Ep 122 | Full Episode,13K views,9 hours ago
SET India,Barason Ki Tamanna | Appnapan - Badalate Rishton Ka Bandhan - Ep 48 | Full EP | 19 Aug 2022,18K views,9 hours ago
SET India,Pihu's Janmashtami Surprise | Bade Achhe Lagte Hain 2 | Ep 255 | Full Episode | 19 Aug 2022,29K views,10 hours ago
SET India,Vibhishika | Punyashlok Ahilya Bai | Ep 425 | Full Episode | 19 Aug 2022,13K views,11 hours ago
SET India,Samvaad Aur Vivaad | Mere Sai - Ep 1202 | Full Episode | 19 Aug 2022,17K views,12 hours ago
SET India,‡§Ü‡§ñ‡§ø‡§∞ ‡§ï‡•ç‡§Ø‡§æ ‡§π‡•à ‡§Æ‡§æ‡§Å ‡§Ö‡§Ç‡§ú‡§®‡•Ä ‡§ï‡•á ‡§¨‡§¶‡§≤‡•á ‡§µ‡•ç‡§Ø‡§µ‡§π‡§æ‡§∞ ‡§ï‡§æ ‡§ï‡§æ‡§∞‡§£? | Sankatmochan Mahabali Hanuman-Ep121 | Full Episode,5.4K views,12 hours ago
SET India,Kaun Banega Crorepati Season 14 - ‡§ï‡•å‡§® ‡§¨‡§®‡•á‡§ó‡§æ ‡§ï‡§∞‡•ã‡§°‡§º‡§™‡§§‡§ø ‡§∏‡•Ä‡§ú‡§® 14 - Ep 22 - Coming Up Next,22K views,18 hours ago
PewDiePie,I try EVERY Japanese Snack..(Collab with @PewDiePie ),1.7M views,2 days ago
PewDiePie,"Japanese Karaoke, but I cant sing..",1.4M views,8 days ago
PewDiePie,Stream Fails (Top 1),1.9M views,13 days ago
PewDiePie,We were warned not to go,1.8M views,2 weeks ago
PewDiePie,filming outside during my first typhoon for no good reason,1.7M views,3 weeks ago
PewDiePie,you guys noticed something..,2.9M views,4 weeks ago
PewDiePie,Proving that magic is REAL!,2.4M views,1 month ago
PewDiePie,My Dog Cringes at TikToks..,3.1M views,1 month ago
PewDiePie,A dream of mine came true today,3.3M views,1 month ago
PewDiePie,"Kid wants $1500 Allowance, to Buy Gucci Shoes....",2.9M views,1 month ago
PewDiePie,No YouTuber dares to box me after seeing this,2.9M views,1 month ago
PewDiePie,Old YouTube Was Kinda Crazy...,4.1M views,1 month ago
PewDiePie,This was hard..,3.9M views,2 months ago
PewDiePie,My 7 Billion $ Setup Tour,4.9M views,2 months ago
PewDiePie,Reacting to the greatest cringe of all time..,3.3M views,2 months ago
PewDiePie,We went to Italy...?,3.5M views,2 months ago
PewDiePie,Something is seriously wrong with tiktoks (ylyl),2.8M views,2 months ago
PewDiePie,I accidentally got 2 cars..,4.1M views,2 months ago
PewDiePie,Jaiden Smith Did it Again..,4.2M views,2 months ago
PewDiePie,New Member to the Family!,5.8M views,2 months ago
PewDiePie,Why Japan?,4.5M views,2 months ago
PewDiePie,We Failed,6M views,3 months ago
PewDiePie,I JUST MORBED,4.4M views,3 months ago
PewDiePie,This show is PEAK Entertainment!,4.5M views,3 months ago
PewDiePie,First time driving in Japan...,5.4M views,3 months ago
PewDiePie,cant believe markiplier did this to me,4M views,3 months ago
PewDiePie,whats next?,6.1M views,3 months ago
PewDiePie,It finally happened!,8.1M views,3 months ago
PewDiePie,I tÃ∂rÃ∂iÃ∂eÃ∂dÃ∂ Ã∂tÃ∂oÃ∂ beat Elden Ring Without Dying..,7M views,4 months ago
PewDiePie,Caught in 4K..,3.3M views,4 months ago
Kids Diana Show,Diana Roma Oliver Birthday Video Collection,4.1M views,4 days ago
Kids Diana Show,Diana and Roma Family trip to the sea,4.2M views,8 days ago
Kids Diana Show,Diana and Roma Escape Room and more funny challenges,1.5M views,11 days ago
Kids Diana Show,Diana and Roma Back to School stories,6.8M views,13 days ago
Kids Diana Show,Diana Roma and Oliver Have a Fun Day at the Kids Club,9.6M views,2 weeks ago
Kids Diana Show,Diana and Roma Family summer vacation,9.1M views,2 weeks ago
Kids Diana Show,Diana and Roma play outdoors / best parks for kids,8.3M views,3 weeks ago
Kids Diana Show,Diana and Roma show School rules / New Back to School story,9.3M views,4 weeks ago
Kids Diana Show,Diana and Roma visited Disneyland!,8.5M views,1 month ago
Kids Diana Show,Diana and Oliver - favorite stories with little brother,18M views,1 month ago
Kids Diana Show,Diana and Roma Kids Activities during the summer vacation,20M views,1 month ago
Kids Diana Show,Diana and Roma Family Fun Time at the Amusement Park,9.2M views,1 month ago
Kids Diana Show,Diana and Roma help Oliver and other New stories,16M views,1 month ago
Kids Diana Show,Diana Roma and Oliver play Different Jobs and Professions,19M views,1 month ago
Kids Diana Show,Diana and Roma in the Escape Room Challenge,171M views,1 month ago
Kids Diana Show,Diana and Roma Follow the Rules / video compilation,19M views,1 month ago
Kids Diana Show,Diana and Roma 24 Hours on the Boat Challenge,20M views,2 months ago
Kids Diana Show,Diana and Roma at School - A Story about the Value of Friendship,82M views,2 months ago
Kids Diana Show,Diana and Dad in The Magic Story of Studying at Home,35M views,2 months ago
Kids Diana Show,Diana and Roma Adventure in the Cinema and other Funniest videos for kids,93M views,2 months ago
Kids Diana Show,Diana teaches baby Oliver | Developmental Games for a 1+ Year Old,11M views,2 months ago
Kids Diana Show,Diana and Roma have fun on the First Day of Summer following safety tips,46M views,2 months ago
Kids Diana Show,Diana and useful stories about good behavior from her life,166M views,2 months ago
Kids Diana Show,Diana and Roma play Cinema challenge,71M views,2 months ago
Kids Diana Show,Diana teaches Roma how to keep Eyesight,8.3M views,2 months ago
Kids Diana Show,Diana and Roma came up with How to Entertain baby Oliver | Fun Toddler Activities,34M views,3 months ago
Kids Diana Show,Diana and Roma Travel - Video compilation about fun family trips,53M views,3 months ago
Kids Diana Show,Diana and Mom visit the dentist / Brush your teeth story,33M views,3 months ago
Kids Diana Show,Diana and Roma - Family Trip to Turkey,21M views,3 months ago
Kids Diana Show,Diana is studying the rules of conduct at the airport,31M views,3 months ago
Like Nastya,Nastya is learning why children need to go to school,409K views,8 hours ago
Like Nastya,Nastya shares the secrets of how to become a successful blogger,3.3M views,3 days ago
Like Nastya,Nastya learns how important it is for children to wear braces,4.3M views,9 days ago
Like Nastya,Nastya does good deeds like a superhero,5.1M views,12 days ago
Like Nastya,Nastya and the most interesting moments from the summer vacation,4.9M views,2 weeks ago
Like Nastya,Nastya and her back to school in the third grade,3.2M views,2 weeks ago
Like Nastya,Nastya and a family trip to London with dad,5.5M views,3 weeks ago
Like Nastya,Nastya shows how to entertain each other with her dad,10M views,3 weeks ago
Like Nastya,Nastya learns to say the magic word Please and receives a gift,3.2M views,3 weeks ago
Like Nastya,Nastya kids stories and summer rules,32M views,4 weeks ago
Like Nastya,Nastya and dad Family fun time in the Land of Legends park,7.7M views,1 month ago
Like Nastya,Nastya and kids outdoor activities in Turkey,32M views,1 month ago
Like Nastya,Nastya and her friends are trying to find their favorite hobbies,20M views,1 month ago
Like Nastya,Nastya and Dad travel around Italy on summer vacation,5.7M views,1 month ago
Like Nastya,Nastya and stories about how important it is to take care of your health,22M views,1 month ago
Like Nastya,Nastya and summer safety rules for children,11M views,1 month ago
Like Nastya,Nastya is learning how to get new information during the summer holidays,11M views,1 month ago
Like Nastya,Nastya at School and other Stories about the Importance of Studying,45M views,1 month ago
Like Nastya,Nastya and Dad learn how to cook pasta in Italy,11M views,2 months ago
Like Nastya,Nastya shows 5 sights worth visiting during a family trip to Switzerland,9.1M views,2 months ago
Like Nastya,Nastya shows that washing hands is not boring at all,48M views,2 months ago
Like Nastya,Nastya and dad travel in Alsace and in the gingerbread museum,6.3M views,2 months ago
Like Nastya,Nastya and the rules of conduct in the Hotel,16M views,2 months ago
Like Nastya,Nastya and the most important safety rules for children,34M views,2 months ago
Like Nastya,Nastya shows the safety rules in the pool,64M views,2 months ago
Like Nastya,Nastya shows the harm of sugar on health,12M views,2 months ago
Like Nastya,"Nastya at School - Video compilation about school, friendship and knowledge",43M views,2 months ago
Like Nastya,Nastya and the story about school bullying,128M views,3 months ago
Like Nastya,Nastya learns how important it is to read books,16M views,3 months ago
Like Nastya,Nastya and the story about learning from home,4.8M views,3 months ago
WWE,See you at Principality Stadium for #WWECastle!,19K views,1 hour ago
WWE,Best of Drew McIntyre,6.9K watching,34K views
WWE,"FULL MATCH ‚Äî The Undertaker vs. Randy Orton ‚Äì WWE Undisputed Title Match: SmackDown, May 30, 2002",3 hours ago,25K views
WWE,"FULL MATCH ‚Äî Dolph Ziggler vs. Elias: Raw, Nov. 5, 2018",4 hours ago,68K views
WWE,"Kofi Kingston's WWE Championship Celebration: SmackDown LIVE, Apr. 9, 2019",7 hours ago,245K views
WWE,"Butch vs. Ludwig Kaiser: SmackDown, Sept. 2, 2022",11 hours ago,17K views
WWE,"Drew McIntyre ARRUINA la fiesta de Roman Reigns: WWE Ahora, Sept 2, 2022",11 hours ago,684K views
WWE,"Drew McIntyre dismantles The Bloodline en route to WWE Clash at the Castle: SmackDown, Sept. 2, 2022",11 hours ago,71K views
WWE,"The historic two-year title reign of Roman Reigns - Part 2: SmackDown, Sept. 2, 2022",11 hours ago,121K views
WWE,"Shinsuke Nakamura vs. Happy Corbin: SmackDown, Sept. 2, 2022",11 hours ago,10K views
WWE,"Dante Chen vs. Xyon Quinn: NXT Level Up, Sept. 2, 2022",11 hours ago,15K views
WWE,"Erica Yan vs. Arianna Grace: NXT Level Up, Sept. 2, 2022",11 hours ago,6.7K views
WWE,"Myles Borne vs. Duke Hudson: NXT Level Up, Sept. 2, 2022",11 hours ago,33K views
WWE,"Hit Row has the competition big mad: SmackDown Exclusive, Sept. 2, 2022",11 hours ago,157K views
WWE,"Hit Row vs. Maximum Male Models: SmackDown, Sept. 2, 2022",11 hours ago,235K views
WWE,"Karrion Kross makes Drew Gulak suffer in his SmackDown debut match: SmackDown, Sept. 2, 2022",11 hours ago,315K views
WWE,"Ronda Rousey attacks WWE Official Adam Pearce: SmackDown, Sept. 2, 2022",12 hours ago,110K views
WWE,"Liv Morgan and Shayna Baszler promise to rip off each other‚Äôs appendages: SmackDown, Sept. 2, 2022",12 hours ago,250K views
WWE,"Sami Zayn prepares for Roman Reigns‚Äô championship celebration: SmackDown, Sept. 2, 2022",12 hours ago,18K views
WWE,"The Viking Raiders plan to continue their path of destruction: SmackDown Exclusive, Sept. 2, 202..",12 hours ago,83K views
WWE,"The historic two-year title reign of Roman Reigns - Part 1: SmackDown, Sept. 2, 2022",12 hours ago,126K views
WWE,"The New Day vs. The Viking Raiders ‚Äî Viking Rules Match: SmackDown, Sept. 2, 2022",12 hours ago,64K views
WWE,"Was this RVD's best Five-Star Frog Splash ever?! üò≤ #onthisday, 9/2/02",12 hours ago,54K views
WWE,"Maximum Male Models will show everyone Hit Row sucks: SmackDown Exclusive, Sept. 2, 2022",15 hours ago,117K views
WWE,"Roman Reigns celebrates two years as champion: WWE Now, September 2, 2022",17 hours ago,26K views
WWE,Superstars detail what makes a badass woman: This is Awesome sneak peek,17 hours ago,7.4K views
WWE,The Rock vs. Brock Lesnar WWE con Santos Wrestling y Diego Aranisa: WWE Playback en Espa√±ol,17 hours ago,83K views
WWE,Cardi B showing some love for Latino Heat! üî•,18 hours ago,81K views
WWE,FULL MATCH ‚Äî John Cena vs. Shawn Michaels vs. Edge vs. Randy Orton ‚Äî WWE Title Match: Backlash 2007,20 hours ago,135K views
Zee Music Company,"Bandi Yeh Off Beat Hai - Saroj Ka Rishta | Divya Kumar | Vickky Agarwal | Sanah, Randeep, Kumud",9.5K views,8 hours ago
Zee Music Company,"Apna Karenge - Middle Classs Love | Prit Kamani, Kavya Thapar, Eisha Singh | Spitfire | 16th Sep",16K views,8 hours ago
Zee Music Company,Hey Ganaraya - Lyrical | ABCD 2 | Varun Dhawan & Shraddha Kapoor | Divya Kumar | Sachin - Jigar,19K views,12 hours ago
Zee Music Company,"‡§∏‡§Ç‡§ï‡§ü ‡§∏‡§ø‡§ü‡•Ä Sankat City - Full Movie | Kay Kay Menon, Anupam Kher, Rimi Sen | 2009 Hindi Movie",6.6K views,22 hours ago
Zee Music Company,‡§∞‡•à‡§° ‡§Ö‡§≤‡§∞‡•ç‡§ü Red Alert - The War Within - Full Movie | Sunil Shetty & Bhagyashree | HD Full Movie,28K views,1 day ago
Zee Music Company,"‡§ï‡§æ‡§≤‡§æ ‡§∏‡•ã‡§®‡§æ Kaala Sona - Full Movie | Feroz Khan, Prem Chopra, Parveen Babi, Helen & Farida Jalal",97K views,1 day ago
Zee Music Company,"Tera Shukriya - Dhaage | Ankurr Maan | Nikhil Chaudhary, Swati Negi | Tushar Joshi | Sadhu S.Tiwari",42K views,1 day ago
Zee Music Company,"‡§ú‡§º‡§≤‡§ú‡§º‡§≤‡§æ Zalzala - Full Movie | Dharmendra, Shatrughan Sinha, Rati Agnihotri, Kimi Katkar",362K views,1 day ago
Zee Music Company,"‡§Æ‡•á‡§∞‡•á ‡§ú‡•Ä‡§µ‡§® ‡§∏‡§æ‡§•‡•Ä Mere Jeevan Saathi - Full Movie | Rajesh Khanna, Tanuja, Helen, Sujit Kumar",81K views,1 day ago
Zee Music Company,"‡§ß‡§®-‡§¶‡•å‡§≤‡§§ Dhan Daulat - Full Movie | Rishi Kapoor, Neetu Singh Kapoor, Prem Chopra, Premnath",48K views,1 day ago
Zee Music Company,"‡§ó‡§ú‡§®‡•Ä Ghajini Full Movie | Aamir Khan, Jiah Khan, Asin, Pradeep Rawat | A.R. Murugadoss Film",58K views,1 day ago
Zee Music Company,#KoiNaKoiNaataHai #Premgeet3 #JubinNautiyal #PradeepKhadka #KristinaGurung #shorts,63K views,1 day ago
Zee Music Company,#Saathiya - #Cuttputlli #AkshayKumar #RakulPreet #TanishkBagchi #ZahrahSKhan #NikhilDSouza | #shorts,90K views,1 day ago
Zee Music Company,#Saathiya - #Cuttputlli #AkshayKumar #RakulPreet #TanishkBagchi #ZahrahSKhan #NikhilDSouza | #shorts,43K views,1 day ago
Zee Music Company,#MelodyRoja #YoYoHoneySingh #SubikshaShivakumar | #shorts,38K views,1 day ago
Zee Music Company,#MelodyRoja #YoYoHoneySingh #SubikshaShivakumar | #shorts,29K views,1 day ago
Zee Music Company,#MelodyRoja #YoYoHoneySingh #SubikshaShivakumar | #shorts,20K views,1 day ago
Zee Music Company,#MelodyRoja #YoYoHoneySingh #SubikshaShivakumar | #shorts,27K views,1 day ago
Zee Music Company,#MelodyRoja #YoYoHoneySingh #SubikshaShivakumar | #shorts,14K views,1 day ago
Zee Music Company,"‡§Ö‡§¨ ‡§á‡§®‡•ç‡§∏‡§æ‡§´ ‡§π‡•ã‡§ó‡§æ Ab Insaaf Hoga - Full Movie | Mithun Chakraborty, Rekha, Prem Chopra|Bollywood Movies",88K views,1 day ago
Zee Music Company,‡§∞‡§æ‡§Æ ‡§§‡•á‡§∞‡•á ‡§ï‡§ø‡§§‡§®‡•á ‡§®‡§æ‡§Æ Ram Tere Kitne Nam - Full Movie | Sanjeev Kumar & Rekha | R. D. Burman,27K views,1 day ago
Zee Music Company,"Pleaj! - Full Video | Darlings | Alia Bhatt, Vijay Varma, Shefali Shah| Mika Singh, Vishal B, Gulzar",78K views,1 day ago
Zee Music Company,"La Ilaaj - Full Video | Darlings | Alia Bhatt & Vijay Varma | Arijit Singh, Vishal Bhardwaj, Gulzar",41K views,1 day ago
Zee Music Company,"Bhasad - Full Video | Darlings | Alia Bhatt, Shefali Shah, Vijay Varma | Mellow D",9.1K views,1 day ago
Zee Music Company,"Saroj Ka Rishta - Full Album | Sanah Kapur, Gaurav Pandey, Randeep Rai, Kritika Awasthi | Abhishek S",15K views,1 day ago
Zee Music Company,"‡§¶‡•Ä‡§¶‡§æ‡§∞-‡§è-‡§Ø‡§æ‡§∞ Deedar-E-Yaar - Full Movie | Jeetendra, Rishi Kapoor, Rekha, Tina Munim",145K views,1 day ago
Zee Music Company,"‡§Ö‡§¨ ‡§¶‡§ø‡§≤‡•ç‡§≤‡•Ä ‡§¶‡•Ç‡§∞ ‡§®‡§π‡•Ä‡§Ç Ab Dilli Dur Nahin - Full Movie | Anwar Hussain, Romi, Sulochana, Lala Yaqoob",6.3K views,1 day ago
Zee Music Company,"‡§ö‡§Æ‡§ï‡•Å Chamku - Full Movie | Bobby Deol, Priyanka Chopra, Riteish Deshmukh | 2008 Bollywood Movies",19K views,2 days ago
Zee Music Company,"‡§Æ‡•á‡§∞‡•Ä ‡§Ü‡§µ‡§æ‡§ú‡§º ‡§∏‡•Å‡§®‡•ã Meri Aawaz Suno - Full Movie | Jeetendra, Hema Malini & Om Shivpuri",83K views,2 days ago
Zee Music Company,"‡§™‡§æ‡§™ Paap - Full Movie | John Abraham, Udita Goswami & Gulshan Grover | Anu Malik",34K views,2 days ago
Vlad and Niki,Vlad and Niki play with Heroes of Goo Jit Zu Toys,952K views,4 days ago
Vlad and Niki,Vlad and Niki in the Best Challenge and Stories for kids,1M views,5 days ago
Vlad and Niki,Vlad and Niki funny and useful stories for kids,5.8M views,10 days ago
Vlad and Niki,Niki and Chris - favorite stories with little brother,15M views,2 weeks ago
Vlad and Niki,Vlad and Niki Family trip to Bahamas,3.2M views,2 weeks ago
Vlad and Niki,Chris and mom explore children's museum and learning center for kids,4.8M views,3 weeks ago
Vlad and Niki,Vlad and Niki Octonauts Toy Animals Rescue Mission,9.1M views,3 weeks ago
Vlad and Niki,Chris and Mom in Farm Stories for Kids,10M views,4 weeks ago
Vlad and Niki,Vlad and Niki help their friends - best stories for children,9.3M views,1 month ago
Vlad and Niki,Vlad and Niki Four Colors Playhouse Challenge,21M views,1 month ago
Vlad and Niki,Vlad and Niki and stories about how important is it to be kind and honest,5.1M views,1 month ago
Vlad and Niki,Vlad and Niki in the Escape Room Challenge,4.8M views,1 month ago
Vlad and Niki,Solve the Mystery Challenge with Chris and Mom,9M views,1 month ago
Vlad and Niki,Educational stories for kids from Vlad and Niki,37M views,1 month ago
Vlad and Niki,Vlad and Mom exchanged cat and dog pets - new episode for children,3.6M views,1 month ago
Vlad and Niki,1000 Mystery Buttons and more funny challenges with Vlad and Niki,59M views,1 month ago
Vlad and Niki,Vlad and Niki explore Summer Activities for children,27M views,1 month ago
Vlad and Niki,Chris becomes a superheroes and helps his friends,4.3M views,2 months ago
Vlad and Niki,Vlad and Niki 24 Hours Overnight in VAN house Challenge,4M views,2 months ago
Vlad and Niki,Chris learns to cook food for drive thru cafe,17M views,2 months ago
Vlad and Niki,Chris and mom learn how to harvest fruits and vegetables and feeding the animals at the farm,32M views,2 months ago
Vlad and Niki,All Day Yes Challenge with Vlad and Niki,2.8M views,2 months ago
Vlad and Niki,Niki celebrates his 7th birthday with friends,34M views,2 months ago
Vlad and Niki,Chris and Mom try to find healthy ice cream in supermarket,36M views,2 months ago
Vlad and Niki,Niki becomes a pilot and saves his friends - best stories for kids,15M views,2 months ago
Vlad and Niki,Niki learns to sleep alone,14M views,3 months ago
Vlad and Niki,Chris and Mom show how to save natural resources,16M views,3 months ago
Vlad and Niki,Vlad and Mom story about how important to have your own opinion,55M views,3 months ago
Vlad and Niki,Chris learns to wash cars and helps his friends,16M views,3 months ago
Vlad and Niki,Vlad and Niki exploring a new hobby - bmx bikes,9M views,3 months ago
Blackpink,BLACKPINK - ‚ÄòPink Venom‚Äô [Light Up The Pink] Campaign 2022 Compilation,5.6M views,7 days ago
Blackpink,BLACKPINK - ‚ÄòPink Venom‚Äô SPECIAL STAGE,21M views,7 days ago
Blackpink,BLACKPINK - ‚ÄòPink Venom‚Äô Visualizer,7.3M views,8 days ago
Blackpink,BLACKPINK WORLD TOUR [BORN PINK] SEOUL MESSAGE VIDEO,2.4M views,8 days ago
Blackpink,BLACKPINK - ‚ÄòPink Venom‚Äô M/V REACTION,9.6M views,8 days ago
Blackpink,BLACKPINK - ‚ÄòPink Venom‚Äô DANCE PRACTICE VIDEO,46M views,9 days ago
Blackpink,BLACKPINK x YouTube Shorts | #PinkVenomChallenge,3.1M views,12 days ago
Blackpink,Create a Short to 'Pink Venom' & show us your moves with #PinkVenomChallenge only on YouTube Shorts,40M views,13 days ago
Blackpink,Show us what you‚Äôve got. Join the #PinkVenomChallenge & dance along. Only on YouTube Shorts.,12M views,13 days ago
Blackpink,Bring your best dance moves and join the #PinkVenomChallenge with us. Only on YouTube Shorts.,15M views,13 days ago
Blackpink,Show us that you are BORN PINK and join us in the #PinkVenomChallenge Only on YouTube Shorts.,53M views,13 days ago
Blackpink,"‚ÄúGet em, get em, get em‚Äù with us and join the #PinkVenomChallenge Only on YouTube Shorts.",101M views,13 days ago
Blackpink,Create a Short to 'Pink Venom' & show us your moves with #PinkVenomChallenge only on YouTube Shorts,124M views,2 weeks ago
Blackpink,BLACKPINK - ‚ÄòPink Venom‚Äô M/V MAKING FILM,17M views,2 weeks ago
Blackpink,BLACKPINK - ‚ÄòPink Venom‚Äô M/V,246M views,2 weeks ago
Blackpink,BLACKPINK #PinkVenomChallenge Coming soon! #LISA,4.5M views,2 weeks ago
Blackpink,BLACKPINK #PinkVenomChallenge Coming soon! #ROS√â,2.3M views,2 weeks ago
Blackpink,BLACKPINK #PinkVenomChallenge Coming soon! #JENNIE,2M views,2 weeks ago
Blackpink,BLACKPINK #PinkVenomChallenge Coming soon! #JISOO,2.4M views,2 weeks ago
Blackpink,BLACKPINK - ‚ÄòPink Venom‚Äô M/V TEASER,29M views,2 weeks ago
Blackpink,#PinkVenomChallenge Coming Soon Only on YouTube Shorts,3.5M views,2 weeks ago
Blackpink,BLACKPINK - ‚ÄòPink Venom‚Äô Concept Teaser,12M views,2 weeks ago
Blackpink,BLACKPINK - ‚ÄòPink Venom‚Äô JISOO Concept Teaser #2,9.2M views,3 weeks ago
Blackpink,BLACKPINK - ‚ÄòPink Venom‚Äô JENNIE Concept Teaser #2,6.9M views,3 weeks ago
Blackpink,BLACKPINK - ‚ÄòPink Venom‚Äô ROS√â Concept Teaser #2,8.6M views,3 weeks ago
Blackpink,BLACKPINK - ‚ÄòPink Venom‚Äô LISA Concept Teaser #2,9.9M views,3 weeks ago
Blackpink,BLACKPINK - ‚ÄòPink Venom‚Äô LISA Concept Teaser,12M views,3 weeks ago
Blackpink,BLACKPINK - ‚ÄòPink Venom‚Äô ROS√â Concept Teaser,8M views,3 weeks ago
Blackpink,BLACKPINK - 'Pink Venom' JENNIE Concept Teaser,10M views,3 weeks ago
Blackpink,BLACKPINK - 'Pink Venom' JISOO Concept Teaser,13M views,3 weeks ago
Goldmines,"#Mersal (Hindi) Tomorrow 8 PM | Vijay, Samantha, Kajal Aggarwal | Exclusively Only On Goldmines",8.6K views,1 hour ago
Goldmines,‡§Ö‡§®‡•Å‡§∑‡•ç‡§ï‡§æ ‡§∂‡•á‡§ü‡•ç‡§ü‡•Ä ‡§®‡•á ‡§∏‡§ø‡§Ç‡§ò‡§Æ ‡§ï‡•ã ‡§ï‡§ø‡§Ø‡§æ ‡§™‡•ç‡§∞‡•ã‡§™‡•ã‡§ú‡§º,9.2K views,3 hours ago
Goldmines,"Pratishodh The Revenge (Muni) (HD) - Hindi Dubbed Movie | Raghava Lawrence, Vedhika",13K views,4 hours ago
Goldmines,‡§Ö‡§≤‡•ç‡§≤‡•Ç ‡§Ö‡§∞‡•ç‡§ú‡•Å‡§® ‡§∞‡§µ‡§ø ‡§ï‡§ø‡§∂‡§® ‡§ï‡•ã ‡§Æ‡§æ‡§∞‡§®‡•á ‡§ï‡•á ‡§¨‡§æ‡§¶ ‡§â‡§∏‡§ï‡•á ‡§¨‡§æ‡§™ ‡§∏‡•á ‡§Æ‡§ø‡§≤‡§®‡•á ‡§â‡§∏‡§ï‡•á ‡§ò‡§∞ ‡§ó‡§Ø‡§æ,5.8K views,5 hours ago
Goldmines,"‡§¶ ‡§´‡§æ‡§á‡§ü‡§∞‡§Æ‡•à‡§® ‡§ò‡§æ‡§Ø‡§≤ (HD) - ‡§ú‡•Ç‡§®‡§ø‡§Ø‡§∞ ‡§è‡§®‡§ü‡•Ä‡§Ü‡§∞ ‡§ï‡•Ä ‡§ß‡§Æ‡§æ‡§ï‡•á‡§¶‡§æ‡§∞ ‡§è‡§ï‡•ç‡§∂‡§® ‡§Æ‡•Ç‡§µ‡•Ä | ‡§∏‡§Æ‡•Ä‡§∞‡§æ ‡§∞‡•á‡§°‡•ç‡§°‡•Ä, ‡§™‡•ç‡§∞‡§ï‡§æ‡§∂ ‡§∞‡§æ‡§ú, ‡§∏‡•ã‡§®‡•Ç ‡§∏‡•Ç‡§¶",98K views,6 hours ago
Goldmines,Appu Khote ‡§¨‡•á Pendi ‡§ï‡•á Lote üòÇ#HappyBirthdayShaktiKapoor #AamdaniAtthanniKharchaRupaiya #Shorts,22K views,7 hours ago
Goldmines,ACP ‡§ï‡•á ‡§∏‡§æ‡§• ‡•® ‡§™‡•á‡§ó ‡§™‡•Ä‡§®‡•á ‡§ï‡•á ‡§¨‡§π‡§æ‡§®‡•á ‡§®‡§ø‡§§‡§ø‡§® ‡§®‡•á ‡§ï‡§ø‡§Ø‡§æ ‡§∞‡§∂‡•ç‡§Æ‡§ø‡§ï‡§æ ‡§ï‡•ã ‡§™‡§∞‡•á‡§∂‡§æ‡§®,116K views,7 hours ago
Goldmines,The Real Action Begins Now üòà#HappyBirthdayVivekOberoi #HBDVivekOberoi #Vivegam #Shorts,34K views,8 hours ago
Goldmines,"‡§Æ‡•à‡§Ç ‡§π‡•Ç‡§Å ‡§¨‡•â‡§°‡•Ä‡§ó‡§æ‡§∞‡•ç‡§° (HD) - ‡§•‡§≤‡§æ‡§™‡§§‡§ø ‡§µ‡§ø‡§ú‡§Ø ‡§ï‡•Ä ‡§ñ‡§§‡§∞‡§®‡§æ‡§ï ‡§è‡§ï‡•ç‡§∂‡§® ‡§Æ‡•Ç‡§µ‡•Ä | ‡§Ö‡§∏‡§ø‡§®, ‡§Æ‡§ø‡§•‡•ç‡§∞‡§æ ‡§ï‡•Å‡§∞‡§ø‡§Ø‡§® | Vijay Hit Film",40K views,8 hours ago
Goldmines,Jo ‡§π‡•à So ‡§π‡•à Woh ‡§µ‡•ã ‡§π‡•à Main ‡§Æ‡•à‡§Ç ‡§π‡•Ç‡§Ç üòÇ#HappyBirthdayShaktiKapoor #Jallad #Comedy #Shorts,5K views,9 hours ago
Goldmines,"‡§µ‡•á‡§¶‡§æ‡§≤‡§Æ (4K ULTRA HD) - ‡§Ö‡§ú‡§ø‡§§ ‡§ï‡•Ä ‡§ß‡§Æ‡§æ‡§ï‡•á‡§¶‡§æ‡§∞ ‡§è‡§ï‡•ç‡§∂‡§® ‡§Æ‡•Ç‡§µ‡•Ä |‡§∂‡•ç‡§∞‡•Å‡§§‡§ø ‡§π‡§æ‡§∏‡§®, ‡§≤‡§ï‡•ç‡§∑‡•ç‡§Æ‡•Ä ‡§Æ‡•á‡§®‡§® | Ajith Superhit Movie",107K views,9 hours ago
Goldmines,‡§ï‡•à‡§∏‡•á ‡§π‡•Ä‡§∞‡•ã‡§á‡§® ‡§ï‡•Ä ‡§Ü‡§§‡•ç‡§Æ‡§æ ‡§è‡§ï ‡§ü‡•á‡§°‡•Ä ‡§ï‡•á ‡§Ö‡§Ç‡§¶‡§∞ ‡§Ü ‡§ó‡§Ø‡•Ä | ‡§∏‡§æ‡§â‡§• ‡§ï‡•Ä ‡§∏‡•Å‡§™‡§∞‡§π‡§ø‡§ü ‡§´‡§ø‡§≤‡•ç‡§Æ ‡§ü‡•á‡§°‡•Ä ‡§ï‡§æ ‡§ú‡§¨‡§∞‡§¶‡§∏‡•ç‡§§ ‡§∏‡•Ä‡§®,106K views,10 hours ago
Goldmines,‡§ó‡•ã‡§™‡•Ä‡§ö‡§Ç‡§¶ ‡§®‡•á ‡§∏‡§™‡•ç‡§§‡§æ‡§ó‡§ø‡§∞‡•Ä ‡§ï‡•ã ‡§¨‡§®‡§æ‡§Ø‡§æ ‡§¨‡•á‡§µ‡§ï‡§º‡•Ç‡§´‡§º | ‡§Æ‡§ú‡•á‡§¶‡§æ‡§∞ ‡§ï‡•â‡§Æ‡•á‡§°‡•Ä ‡§∏‡•Ä‡§®,26K views,1 day ago
Goldmines,"‡§∏‡§æ‡§Ø‡§æ (HD) - ‡§∏‡§æ‡§â‡§• ‡§ï‡•Ä ‡§Æ‡§ú‡•á‡§¶‡§æ‡§∞ ‡§ï‡•â‡§Æ‡•á‡§°‡•Ä ‡§π‡•â‡§∞‡§∞ ‡§Æ‡•Ç‡§µ‡•Ä | ‡§ú‡§Ø‡§∏‡•Ç‡§∞‡•ç‡§Ø‡§æ, ‡§∏‡§ø‡§ß‡§æ‡§∞‡•ç‡§• ‡§∂‡§ø‡§µ‡§æ, ‡§Ö‡§Æ‡§ø‡§§ | Best Horror Film",227K views,1 day ago
Goldmines,‡§Ö‡§≠‡§ø‡§∑‡•á‡§ï ‡§ï‡§ø‡§Ø‡•á ‡§ó‡§Ç‡§ó‡§æ‡§ú‡§≤ ‡§ï‡•ã ‡§™‡•Ä‡§®‡•á ‡§∏‡•á ‡§Æ‡•Å‡§ù‡•á ‡§ï‡§≠‡•Ä ‡§Æ‡•å‡§§ ‡§®‡§π‡•Ä‡§Ç ‡§Ü ‡§∏‡§ï‡§§‡•Ä,19K views,1 day ago
Goldmines,"‡§Ö‡§¶‡•Å‡§∞‡•ç‡§∏ (4K ULTRA HD) - ‡§ú‡•Ç‡§®‡§ø‡§Ø‡§∞ ‡§è‡§®‡§ü‡•Ä‡§Ü‡§∞ ‡§ï‡•Ä ‡§¨‡•ç‡§≤‡•â‡§ï‡§ú‡§¨‡•Å‡§∏‡•ç‡§ü‡§∞ ‡§è‡§ï‡•ç‡§∂‡§® ‡§ï‡•â‡§Æ‡•á‡§°‡•Ä ‡§Æ‡•Ç‡§µ‡•Ä | ‡§®‡§Ø‡§®‡§§‡§æ‡§∞‡§æ, ‡§∂‡•Ä‡§≤‡§æ, ‡§¨‡•ç‡§∞‡§π‡•ç‡§Æ‡§æ‡§®‡§Ç‡§¶‡§Æ",248K views,1 day ago
Goldmines,‡§ó‡§∞‡•Ä‡§¨ ‡§ï‡§ø‡§∏‡§æ‡§® ‡§ï‡•ã ‡§¨‡•á‡§∞‡§π‡§Æ‡•Ä ‡§∏‡•á ‡§Æ‡§æ‡§∞‡§ï‡§∞ ‡§§‡•Å‡§Æ‡•ç‡§π‡§æ‡§∞‡•á ‡§ü‡•ç‡§∞‡§ï ‡§â‡§®‡§ï‡•Ä ‡§ñ‡•á‡§§‡•Ä ‡§â‡§ú‡§æ‡§°‡§º ‡§¶‡•á ‡§Ø‡§π ‡§Æ‡•Å‡§ù‡•á ‡§π‡§ú‡§Æ ‡§®‡§π‡•Ä,30K views,1 day ago
Goldmines,"They Call Him Ranna, He is The Chinna üî•üòé#HappyBirthdayKicchaSudeep #KichchaSudeep #Raana #Shorts",64K views,1 day ago
Goldmines,"‡§Æ‡•á‡§∞‡§æ ‡§ü‡§æ‡§∞‡§ó‡•á‡§ü (4K ULTRA HD)- ‡§™‡§µ‡§® ‡§ï‡§≤‡•ç‡§Ø‡§æ‡§£ ‡§¨‡§∞‡•ç‡§•‡§°‡•á ‡§∏‡•ç‡§™‡•á‡§∂‡§≤ ‡§¨‡•ç‡§≤‡•â‡§ï‡§¨‡§∏‡•ç‡§ü‡§∞ ‡§è‡§ï‡•ç‡§∂‡§® ‡§Æ‡•Ç‡§µ‡•Ä |‡§§‡§Æ‡§®‡•ç‡§®‡§æ ‡§≠‡§æ‡§ü‡§ø‡§Ø‡§æ, ‡§™‡•ç‡§∞‡§ï‡§æ‡§∂ ‡§∞‡§æ‡§ú",773K views,1 day ago
Goldmines,Apni Entry ‡§™‡•á Dushmano ‡§ï‡•ã Dysentery Hoti ‡§π‡•à üòéüî•#HappyBirthdayPawanKalyan #PolicewalaGunda #Shorts,69K views,1 day ago
Goldmines,‡§Æ‡§æ‡§∞‡•Ä ‡•® (4K ULTRA HD) - ‡§ß‡§®‡•Å‡§∑ ‡§ï‡•Ä ‡§ß‡§Æ‡§æ‡§ï‡•á‡§¶‡§æ‡§∞ ‡§è‡§ï‡•ç‡§∂‡§® ‡§ï‡•â‡§Æ‡•á‡§°‡•Ä ‡§Æ‡•Ç‡§µ‡•Ä | ‡§∏‡§æ‡§à ‡§™‡§≤‡•ç‡§≤‡§µ‡•Ä | Dhanush Superhit Film,37K views,1 day ago
Goldmines,‡§Ø‡•á ‡§õ‡•ã‡§ü‡§æ ‡§¨‡§ö‡•ç‡§ö‡§æ ‡§ú‡•ç‡§Ø‡•ã‡§§‡§ø‡§ï‡§æ ‡§ï‡•á ‡§™‡§æ‡§∏ ‡§∂‡§æ‡§¶‡•Ä ‡§ï‡•á ‡§≤‡§ø‡§è ‡§π‡§æ‡§• ‡§Æ‡§æ‡§Ç‡§ó‡§®‡•á ‡§Ü‡§Ø‡§æ ‡§π‡•à,27K views,1 day ago
Goldmines,Pawan Kalyan Birthday Special All Back To Back Best Action Scenes,32K views,1 day ago
Goldmines,"Gold Thief (Bangaru Bullodu) 2022 New Released Hindi Dubbed Movie | Allari Naresh, Pooja Jhaveri",1.3M views,1 day ago
Goldmines,‡§π‡•Ä‡§∞‡•ã‡§á‡§® ‡§®‡•á ‡§π‡•Ä‡§∞‡•ã ‡§ï‡•ã ‡§¶‡§æ‡§∞‡•Ç ‡§ï‡§æ ‡§ß‡§Ç‡§ß‡§æ ‡§õ‡•ã‡§°‡§º‡§®‡•á ‡§ï‡•ã ‡§ï‡§π‡§æ ‡§§‡•ã ‡§â‡§∏‡§®‡•á ‡§Æ‡§®‡§æ ‡§ï‡§∞ ‡§¶‡§ø‡§Ø‡§æ,31K views,2 days ago
Goldmines,‡§Ö‡§ó‡§∞ ‡§ï‡§≠‡•Ä ‡§ó‡§≤‡§§‡•Ä ‡§π‡•ã ‡§ú‡§æ‡§Ø‡•á ‡§§‡•ã ‡§¶‡§ø‡§≤ ‡§∏‡•á ‡§™‡§∂‡•ç‡§ö‡§æ‡§§‡§æ‡§™ ‡§ï‡§∞‡§®‡§æ ‡§ö‡§æ‡§π‡§ø‡§è,14K views,2 days ago
Goldmines,"‡§≤‡§ï‡•ç‡§∑‡•ç‡§Ø‡§Æ (4K ULTRA HD) - ‡§ó‡•ã‡§™‡•Ä‡§ö‡§Ç‡§¶ ‡§ï‡•Ä‡§ß‡§Æ‡§æ‡§ï‡•á‡§¶‡§æ‡§∞ ‡§è‡§ï‡•ç‡§∂‡§® ‡§Æ‡•Ç‡§µ‡•Ä | ‡§Ö‡§®‡•Å‡§∑‡•ç‡§ï‡§æ ‡§∂‡•á‡§ü‡•ç‡§ü‡•Ä, ‡§ú‡§ó‡§™‡§§‡§ø ‡§¨‡§æ‡§¨‡•Ç, ‡§Ü‡§∂‡•Ä‡§∑ ‡§µ‡§ø‡§¶‡•ç‡§Ø‡§æ‡§∞‡•ç‡§•‡•Ä",839K views,2 days ago
Goldmines,‡§Æ‡•Å‡§Ç‡§¨‡§à ‡§ï‡•Ä ‡§π‡§µ‡§æ ‡§≤‡§ó‡§§‡•á ‡§π‡•Ä ‡§π‡•Ä‡§∞‡•ã ‡§ï‡•ã ‡§π‡•Ä‡§∞‡•ã‡§á‡§® ‡§∏‡•á ‡§™‡•ç‡§Ø‡§æ‡§∞ ‡§π‡•ã ‡§ó‡§Ø‡§æ,330K views,2 days ago
Goldmines,"‡§ß‡•ç‡§∞‡•Å‡§µ‡§æ (4K ULTRA HD) - Ram Charan Blockbuster Thriller Hindi Movie | ‡§Ö‡§∞‡§µ‡§ø‡§Ç‡§¶ ‡§∏‡•ç‡§µ‡§æ‡§Æ‡•Ä, ‡§∞‡§ï‡•Å‡§≤ ‡§™‡•ç‡§∞‡•Ä‡§§ ‡§∏‡§ø‡§Ç‡§π",119K views,2 days ago
Goldmines,Brahmi Danceüï∫üòÇ#Brahmanandam #RaviTeja #PowerUnlimited #Comedy #Shorts,120K views,2 days ago
Sony SAB,Pushpa Impossible - Ep 41 | Highlights | ‡§™‡•Å‡§∑‡•ç‡§™‡§æ ‡§á‡§Ç‡§™‡•â‡§∏‡§ø‡§¨‡§≤,11K views,6 hours ago
Sony SAB,Dharm Yoddha Garud - Ep 124 | Highlights | ‡§ß‡§∞‡•ç‡§Æ ‡§Ø‡•ã‡§¶‡•ç‡§ß‡§æ ‡§ó‡§∞‡•Å‡§°‡§º,11K views,6 hours ago
Sony SAB,Shubh Laabh - Aapkey Ghar Main - Ep 265 | Highlights | ‡§∂‡•Å‡§≠ ‡§≤‡§æ‡§≠ - ‡§Ü‡§™‡§ï‡•á ‡§ò‡§∞ ‡§Æ‡•á‡§Ç,9.6K views,6 hours ago
Sony SAB,Maddam Sir - Ep 560 | Highlights | ‡§Æ‡•à‡§°‡•ç‡§°‡§Æ ‡§∏‡§∞,8K views,6 hours ago
Sony SAB,Missing Bikes - Maddam Sir - Ep 584 - Full Episode - 19 Aug 2022,181K views,6 hours ago
Sony SAB,Wagle Ki Duniya - Ep 410 | Highlights | ‡§µ‡§æ‡§ó‡§≤‡•á ‡§ï‡•Ä ‡§¶‡•Å‡§®‡§ø‡§Ø‡§æ,13K views,7 hours ago
Sony SAB,Damini Offers Help To Pushpa l Pushpa Impossible - Ep 65 -  Full Episode - 19 August  2022,29K views,7 hours ago
Sony SAB,Power Of Kundalini - Dharma Yoddha Garud - Full Episode - EP 137 - 19 August 2022,33K views,10 hours ago
Sony SAB,Sarees Are Not Allowed In The Lounge - Wagle Ki Duniya - Ep 434 - Full Episode - 19 Aug  2022,32K views,11 hours ago
Sony SAB,Maddam Sir - ‡§Æ‡•à‡§°‡•ç‡§°‡§Æ ‡§∏‡§∞ - Ep 597 - Coming Up Next,144K views,20 hours ago
Sony SAB,Pushpa Impossible - ‡§™‡•Å‡§∑‡•ç‡§™‡§æ ‡§á‡§Æ‡•ç‡§™‡•â‡§∏‡§ø‡§¨‡§≤ - Ep 78 - Coming Up Next,44K views,21 hours ago
Sony SAB,Wagle Ki Duniya - ‡§µ‡§æ‡§ó‡§≤‡•á ‡§ï‡•Ä ‡§¶‡•Å‡§®‡§ø‡§Ø‡§æ - Ep 447 - Coming Up Next,80K views,22 hours ago
Sony SAB,Ali Baba Dastaan-e-Kabul - Chapter 1 - ‡§Ö‡§≤‡•Ä ‡§¨‡§æ‡§¨‡§æ - Ep 12 - Coming Up Next,124K views,23 hours ago
Sony SAB,Dharma Yoddha Garud - ‡§ß‡§∞‡•ç‡§Æ ‡§Ø‡•ã‡§¶‡•ç‡§ß‡§æ ‡§ó‡§∞‡•Å‡§°‡§º - EP 150 - Coming Up Next,42K views,23 hours ago
Sony SAB,Pushpa Impossible - Ep 40 | Highlights | ‡§™‡•Å‡§∑‡•ç‡§™‡§æ ‡§á‡§Ç‡§™‡•â‡§∏‡§ø‡§¨‡§≤,6.9K views,1 day ago
Sony SAB,Maddam Sir - Ep 559 | Highlights | ‡§Æ‡•à‡§°‡•ç‡§°‡§Æ ‡§∏‡§∞,11K views,1 day ago
Sony SAB,Independence Day Celebration - Maddam Sir - Ep 583 - Full Episode - 18 Aug 2022,358K views,1 day ago
Sony SAB,Dharm Yoddha Garud - Ep 123 | Highlights | ‡§ß‡§∞‡•ç‡§Æ ‡§Ø‡•ã‡§¶‡•ç‡§ß‡§æ ‡§ó‡§∞‡•Å‡§°‡§º,9.2K views,1 day ago
Sony SAB,Shubh Laabh - Aapkey Ghar Main - Ep 264 | Highlights | ‡§∂‡•Å‡§≠ ‡§≤‡§æ‡§≠ - ‡§Ü‡§™‡§ï‡•á ‡§ò‡§∞ ‡§Æ‡•á‡§Ç,12K views,1 day ago
Sony SAB,Wagle Ki Duniya - Ep 409 | Highlights | ‡§µ‡§æ‡§ó‡§≤‡•á ‡§ï‡•Ä ‡§¶‡•Å‡§®‡§ø‡§Ø‡§æ,9.4K views,1 day ago
Sony SAB,Pushpa's Trick To Learn The Formula- Pushpa Impossible - Ep 64 -  Full Episode - 18 August  2022,34K views,1 day ago
Sony SAB,Dispute For Amrit- Dharma Yoddha Garud - Full Episode - EP 136 - 18 August 2022,87K views,1 day ago
Sony SAB,Maayke Ki Saree Day - Wagle Ki Duniya - Ep 433 - Full Episode - 18 Aug  2022,63K views,1 day ago
Sony SAB,Maddam Sir - ‡§Æ‡•à‡§°‡•ç‡§°‡§Æ ‡§∏‡§∞ - Ep 596 - Coming Up Next,209K views,1 day ago
Sony SAB,Wagle Ki Duniya - ‡§µ‡§æ‡§ó‡§≤‡•á ‡§ï‡•Ä ‡§¶‡•Å‡§®‡§ø‡§Ø‡§æ - Ep 446 - Coming Up Next,61K views,1 day ago
Sony SAB,Ali Baba Dastaan-e-Kabul - Chapter 1 - ‡§Ö‡§≤‡•Ä ‡§¨‡§æ‡§¨‡§æ - Ep 11 - Coming Up Next,150K views,1 day ago
Sony SAB,Dharma Yoddha Garud - ‡§ß‡§∞‡•ç‡§Æ ‡§Ø‡•ã‡§¶‡•ç‡§ß‡§æ ‡§ó‡§∞‡•Å‡§°‡§º - EP 149 - Coming Up Next,58K views,1 day ago
Sony SAB,Ali Baba Dastaan ‚Äì e ‚Äì Kabul | Ali Baba aur Mariam Ki Pehli Mulakaat ‚Äì 30 secs| Mon- Sat ‚Äì 8pm,37K views,1 day ago
Sony SAB,Dharm Yoddha Garud - Ep 122 | Highlights | ‡§ß‡§∞‡•ç‡§Æ ‡§Ø‡•ã‡§¶‡•ç‡§ß‡§æ ‡§ó‡§∞‡•Å‡§°‡§º,12K views,2 days ago
Sony SAB,Pushpa Impossible - Ep 39 | Highlights | ‡§™‡•Å‡§∑‡•ç‡§™‡§æ ‡§á‡§Ç‡§™‡•â‡§∏‡§ø‡§¨‡§≤,9.8K views,2 days ago
BANGTANTV,2022 BTS Îã¨ÎßàÏ§ë [DALMAJUNG] Preview - Î∑î (V),1.6M views,11 hours ago
BANGTANTV,2022 BTS Îã¨ÎßàÏ§ë [DALMAJUNG] Preview - Ï†ïÍµ≠ (Jung Kook),1.2M views,11 hours ago
BANGTANTV,2022 BTS Îã¨ÎßàÏ§ë [DALMAJUNG] Preview - ÏßÄÎØº (Jimin),1M views,11 hours ago
BANGTANTV,2022 BTS Îã¨ÎßàÏ§ë [DALMAJUNG] Preview - ÏäàÍ∞Ä (SUGA),1.8M views,23 hours ago
BANGTANTV,2022 BTS Îã¨ÎßàÏ§ë [DALMAJUNG] Preview - ÏßÑ (Jin),894K views,23 hours ago
BANGTANTV,2022 BTS Îã¨ÎßàÏ§ë [DALMAJUNG] Preview - Ï†úÏù¥Ìôâ (j-hope),701K views,23 hours ago
BANGTANTV,2022 BTS Îã¨ÎßàÏ§ë [DALMAJUNG] Preview - RM,741K views,23 hours ago
BANGTANTV,2022 BTS EXHIBITION : Proof Official Teaser,1.4M views,3 days ago
BANGTANTV,"Me, Myself, ‚Äãand RM‚Äã ‚ÄòEntirety‚Äã‚Äô‚Äã ‚ÄãPhoto Select Sketch",1.2M views,4 days ago
BANGTANTV,"Me, Myself, ‚Äãand RM‚Äã ‚ÄòEntirety‚Äã‚Äô‚Äã Teaser",2.8M views,10 days ago
BANGTANTV,Run BTS! 2022 Special Episode - Telepathy Part 2,4.6M views,11 days ago
BANGTANTV,"Me, Myself, and RM ‚ÄòEntirety‚Äô Skit",2.3M views,13 days ago
BANGTANTV,[BTS VLOG] SUGA l Woodworking VLOG,4.4M views,2 weeks ago
BANGTANTV,Over the Horizon 2022 by SUGA of BTS,3.2M views,2 weeks ago
BANGTANTV,"Me, Myself, ‚Äãand Jung Kook‚Äã ‚ÄòTime Difference‚Äã‚Äô‚Äã ‚ÄãProduction Film‚Äã",3.6M views,2 weeks ago
BANGTANTV,"Me, Myself, ‚Äãand Jung Kook‚Äã ‚ÄòTime Difference‚Äã‚Äã‚Äô ‚ÄãConcept Film",5M views,2 weeks ago
BANGTANTV,Run BTS! 2022 Special Episode - Telepathy Part 1,7.5M views,2 weeks ago
BANGTANTV,[EPISODE] BTS (Î∞©ÌÉÑÏÜåÎÖÑÎã®) ‚ÄòBad Decisions‚Äô Recording Sketch,4.1M views,2 weeks ago
BANGTANTV,[BTS VLOG] Jin l COOKING VLOG,6.3M views,3 weeks ago
BANGTANTV,Run BTS! 2022 Special Episode - Telepathy Part 0,4.3M views,3 weeks ago
BANGTANTV,[EPISODE] j-hope 'Jack In The Box' Album Cover Shoot Sketch - BTS (Î∞©ÌÉÑÏÜåÎÖÑÎã®),1.3M views,3 weeks ago
BANGTANTV,[BTS VLOG] Jung Kook l CAMPING VLOG,11M views,4 weeks ago
BANGTANTV,"benny blanco, BTS & Snoop Dogg 'Bad Decisions' Lyric Video",5.5M views,4 weeks ago
BANGTANTV,[CHOREOGRAPHY] BTS 'Dynamite (Tropical Remix)' Dance Practice (Lolla 2022 j-hope ver.),4.4M views,4 weeks ago
BANGTANTV,[CHOREOGRAPHY] j-hope 'Hope World' Dance Practice (Lolla 2022 ver.),2M views,4 weeks ago
BANGTANTV,j-hope - Live at Lollapalooza 2022 (Full Performance),3.1M views,1 month ago
BANGTANTV,j-hope 'Future' @ Lollapalooza 2022,396K views,1 month ago
BANGTANTV,j-hope 'Chicken Noodle Soup (feat. Becky G)' @ Lollapalooza 2022,2.9M views,1 month ago
BANGTANTV,j-hope 'Trivia Ëµ∑ : Just Dance' @ Lollapalooza 2022,517K views,1 month ago
BANGTANTV,j-hope 'Outro : Ego' & 'Hope World' @ Lollapalooza 2022,986K views,1 month ago
Justin Bieber,"Justin Bieber, Don Toliver - The Making of 'Honest' (Vevo Footnotes)",1.4M views,2 months ago
Justin Bieber,#shorts,605K views,3 months ago
Justin Bieber,"May 13, 2022",696K views,3 months ago
Justin Bieber,Justin Bieber - Honest (feat. Don Toliver) (Official Lyric Video),1.6M views,4 months ago
Justin Bieber,Justin Bieber - Honest ft. Don Toliver,24M views,4 months ago
Justin Bieber,"April 24, 2022",666K views,4 months ago
Justin Bieber,Sometimes life slaps you in the face,477K views,4 months ago
Justin Bieber,Come into my world üåé,331K views,4 months ago
Justin Bieber,"April 2, 2022",385K views,5 months ago
Justin Bieber,"You're my rock, my Colorado",514K views,5 months ago
Justin Bieber,Justin Bieber - The Justice Tour Represents Equality for ALL,1.1M views,5 months ago
Justin Bieber,Justin Bieber & Omah Lay - Attention (Official Video),7.9M views,5 months ago
Justin Bieber,Justin Bieber - Only Thing I Ever Get For Christmas (Lyric Video),2.2M views,8 months ago
Justin Bieber,Justin Bieber - Silent Night (Lyric Video),840K views,8 months ago
Justin Bieber,Justin Bieber - Christmas Eve (Lyric Video),678K views,8 months ago
Justin Bieber,The Christmas Song (Chestnuts Roasting On An Open Fire) (Lyric Video),355K views,8 months ago
Justin Bieber,Justin Bieber - Drummer Boy (Lyric Video) ft. Busta Rhymes,611K views,8 months ago
Justin Bieber,Justin Bieber - Someday At Christmas,575K views,8 months ago
Justin Bieber,Justin Bieber - Home This Christmas (Lyric Video) ft. The Band Perry,442K views,8 months ago
Justin Bieber,Justin Bieber - Christmas Love,8.1M views,8 months ago
Justin Bieber,Justin Bieber - The Making of 'Ghost' (Vevo Footnotes),566K views,8 months ago
Justin Bieber,Wave Presents: Justin Bieber - An Interactive Virtual Experience,1.2M views,9 months ago
Justin Bieber,#JusticeWorldTour - https://www.justinbiebermusic.com/tour,932K views,9 months ago
Justin Bieber,Justin Bieber and Michael D. Ratner: The Making of ‚ÄúOur World‚Äù - A Conversation with Jason Kennedy,628K views,9 months ago
Justin Bieber,The other night was crazy,485K views,9 months ago
Justin Bieber,Justin Bieber - Rockin' Around The Christmas Tree (Audio),1.3M views,10 months ago
Justin Bieber,Justin Bieber - Ghost (Behind The Scenes),1.4M views,10 months ago
Justin Bieber,Justin Bieber - Ghost (Lyric Video),1.2M views,10 months ago
Justin Bieber,Justin Bieber - Justice (Official Live Performances) | Vevo,7M views,10 months ago
Justin Bieber,Justin Bieber - Angels Speak ft. Poo Bear (Visualizer),2.7M views,10 months ago
